Start date/time,End date/time,Residential load [kW],PV generation [kW],Electricity price [â‚¬/MWh],Marginal emission factor [kg CO2eq/MWh]
2018-01-21 00:00:00,2018-01-21 00:15:00,0.40922,0.0,0.03249,0.813266583
2018-01-21 00:15:00,2018-01-21 00:30:00,0.38948,0.0,0.03249,0.813266583
2018-01-21 00:30:00,2018-01-21 00:45:00,0.371,0.0,0.03249,0.813266583
2018-01-21 00:45:00,2018-01-21 01:00:00,0.3535,0.0,0.03249,0.813266583
2018-01-21 01:00:00,2018-01-21 01:15:00,0.33474,0.0,0.0309,0.813266583
2018-01-21 01:15:00,2018-01-21 01:30:00,0.31696,0.0,0.0309,0.813266583
2018-01-21 01:30:00,2018-01-21 01:45:00,0.30016000000000004,0.0,0.0309,0.813266583
2018-01-21 01:45:00,2018-01-21 02:00:00,0.28504,0.0,0.0309,0.813266583
2018-01-21 02:00:00,2018-01-21 02:15:00,0.27132,0.0,0.02924,0.813266583
2018-01-21 02:15:00,2018-01-21 02:30:00,0.26026,0.0,0.02924,0.813266583
2018-01-21 02:30:00,2018-01-21 02:45:00,0.25214,0.0,0.02924,0.813266583
2018-01-21 02:45:00,2018-01-21 03:00:00,0.2457,0.0,0.02924,0.813266583
2018-01-21 03:00:00,2018-01-21 03:15:00,0.23954,0.0,0.027880000000000002,0.813266583
2018-01-21 03:15:00,2018-01-21 03:30:00,0.23310000000000003,0.0,0.027880000000000002,0.813266583
2018-01-21 03:30:00,2018-01-21 03:45:00,0.22708,0.0,0.027880000000000002,0.813266583
2018-01-21 03:45:00,2018-01-21 04:00:00,0.22161999999999998,0.0,0.027880000000000002,0.813266583
2018-01-21 04:00:00,2018-01-21 04:15:00,0.21769999999999998,0.0,0.02975,0.813266583
2018-01-21 04:15:00,2018-01-21 04:30:00,0.21546,0.0,0.02975,0.813266583
2018-01-21 04:30:00,2018-01-21 04:45:00,0.21392,0.0,0.02975,0.813266583
2018-01-21 04:45:00,2018-01-21 05:00:00,0.21266000000000002,0.0,0.02975,0.813266583
2018-01-21 05:00:00,2018-01-21 05:15:00,0.21098,0.0,0.029660000000000002,0.813266583
2018-01-21 05:15:00,2018-01-21 05:30:00,0.21056,0.0,0.029660000000000002,0.813266583
2018-01-21 05:30:00,2018-01-21 05:45:00,0.2114,0.0,0.029660000000000002,0.813266583
2018-01-21 05:45:00,2018-01-21 06:00:00,0.21392,0.0,0.029660000000000002,0.813266583
2018-01-21 06:00:00,2018-01-21 06:15:00,0.21686,0.0,0.02847,0.813266583
2018-01-21 06:15:00,2018-01-21 06:30:00,0.22064000000000003,0.0,0.02847,0.813266583
2018-01-21 06:30:00,2018-01-21 06:45:00,0.22526,0.0,0.02847,0.813266583
2018-01-21 06:45:00,2018-01-21 07:00:00,0.23212000000000002,0.0,0.02847,0.813266583
2018-01-21 07:00:00,2018-01-21 07:15:00,0.24094,0.0,0.031830000000000004,0.813266583
2018-01-21 07:15:00,2018-01-21 07:30:00,0.252,0.0,0.031830000000000004,0.813266583
2018-01-21 07:30:00,2018-01-21 07:45:00,0.26516,0.0,0.031830000000000004,0.813266583
2018-01-21 07:45:00,2018-01-21 08:00:00,0.28181999999999996,0.0,0.031830000000000004,0.813266583
2018-01-21 08:00:00,2018-01-21 08:15:00,0.30394,0.0,0.03249,0.813266583
2018-01-21 08:15:00,2018-01-21 08:30:00,0.32984,0.0,0.03249,0.813266583
2018-01-21 08:30:00,2018-01-21 08:45:00,0.3577,0.000785081585081585,0.03249,0.813266583
2018-01-21 08:45:00,2018-01-21 09:00:00,0.38528,0.009578554778554777,0.03249,0.813266583
2018-01-21 09:00:00,2018-01-21 09:15:00,0.41202,0.020628438228438226,0.0353,0.359646445
2018-01-21 09:15:00,2018-01-21 09:30:00,0.43792,0.02619300699300699,0.0353,0.359646445
2018-01-21 09:30:00,2018-01-21 09:45:00,0.46144,0.029387412587412582,0.0353,0.359646445
2018-01-21 09:45:00,2018-01-21 10:00:00,0.48062,0.04361864801864802,0.0353,0.359646445
2018-01-21 10:00:00,2018-01-21 10:15:00,0.49476,0.07210256410256409,0.03888,0.40036113700000003
2018-01-21 10:15:00,2018-01-21 10:30:00,0.50442,0.09542470862470862,0.03888,0.40036113700000003
2018-01-21 10:30:00,2018-01-21 10:45:00,0.51296,0.10734638694638694,0.03888,0.40036113700000003
2018-01-21 10:45:00,2018-01-21 11:00:00,0.5231800000000001,0.12073193473193473,0.03888,0.40036113700000003
2018-01-21 11:00:00,2018-01-21 11:15:00,0.53368,0.1556158508158508,0.042,0.416061574
2018-01-21 11:15:00,2018-01-21 11:30:00,0.5425,0.1497902097902098,0.042,0.416061574
2018-01-21 11:30:00,2018-01-21 11:45:00,0.5504800000000001,0.119797668997669,0.042,0.416061574
2018-01-21 11:45:00,2018-01-21 12:00:00,0.55972,0.19312167832167831,0.042,0.416061574
2018-01-21 12:00:00,2018-01-21 12:15:00,0.574,0.26307132867132865,0.04375,0.47153645
2018-01-21 12:15:00,2018-01-21 12:30:00,0.58814,0.2652130536130536,0.04375,0.47153645
2018-01-21 12:30:00,2018-01-21 12:45:00,0.6013000000000001,0.3232363636363636,0.04375,0.47153645
2018-01-21 12:45:00,2018-01-21 13:00:00,0.6071799999999999,0.3195645687645688,0.04375,0.47153645
2018-01-21 13:00:00,2018-01-21 13:15:00,0.60858,0.3408745920745921,0.03777,0.38580255
2018-01-21 13:15:00,2018-01-21 13:30:00,0.60522,0.2654125874125874,0.03777,0.38580255
2018-01-21 13:30:00,2018-01-21 13:45:00,0.59766,0.3141659673659673,0.03777,0.38580255
2018-01-21 13:45:00,2018-01-21 14:00:00,0.58702,0.2490881118881119,0.03777,0.38580255
2018-01-21 14:00:00,2018-01-21 14:15:00,0.5742799999999999,0.28707785547785547,0.033839999999999995,0.813266583
2018-01-21 14:15:00,2018-01-21 14:30:00,0.5641999999999999,0.23218927738927742,0.033839999999999995,0.813266583
2018-01-21 14:30:00,2018-01-21 14:45:00,0.55342,0.14905361305361303,0.033839999999999995,0.813266583
2018-01-21 14:45:00,2018-01-21 15:00:00,0.54278,0.13238228438228436,0.033839999999999995,0.813266583
2018-01-21 15:00:00,2018-01-21 15:15:00,0.5327000000000001,0.10546946386946388,0.035,0.359646445
2018-01-21 15:15:00,2018-01-21 15:30:00,0.52752,0.08177342657342657,0.035,0.359646445
2018-01-21 15:30:00,2018-01-21 15:45:00,0.52654,0.05181445221445222,0.035,0.359646445
2018-01-21 15:45:00,2018-01-21 16:00:00,0.52668,0.04412214452214452,0.035,0.359646445
2018-01-21 16:00:00,2018-01-21 16:15:00,0.52864,0.02571841491841492,0.0399,0.40806039
2018-01-21 16:15:00,2018-01-21 16:30:00,0.5368999999999999,0.021971095571095573,0.0399,0.40806039
2018-01-21 16:30:00,2018-01-21 16:45:00,0.56028,0.018937062937062935,0.0399,0.40806039
2018-01-21 16:45:00,2018-01-21 17:00:00,0.60214,0.011797668997668999,0.0399,0.40806039
2018-01-21 17:00:00,2018-01-21 17:15:00,0.6559,0.002717948717948718,0.0483,0.493468378
2018-01-21 17:15:00,2018-01-21 17:30:00,0.70966,0.0,0.0483,0.493468378
2018-01-21 17:30:00,2018-01-21 17:45:00,0.74844,0.0,0.0483,0.493468378
2018-01-21 17:45:00,2018-01-21 18:00:00,0.76972,0.0,0.0483,0.493468378
2018-01-21 18:00:00,2018-01-21 18:15:00,0.7723800000000001,0.0,0.04808,0.493468378
2018-01-21 18:15:00,2018-01-21 18:30:00,0.7670600000000001,0.0,0.04808,0.493468378
2018-01-21 18:30:00,2018-01-21 18:45:00,0.75978,0.0,0.04808,0.493468378
2018-01-21 18:45:00,2018-01-21 19:00:00,0.7557200000000001,0.0,0.04808,0.493468378
2018-01-21 19:00:00,2018-01-21 19:15:00,0.7560000000000001,0.0,0.0528,0.517540007
2018-01-21 19:15:00,2018-01-21 19:30:00,0.76006,0.0,0.0528,0.517540007
2018-01-21 19:30:00,2018-01-21 19:45:00,0.76272,0.0,0.0528,0.517540007
2018-01-21 19:45:00,2018-01-21 20:00:00,0.7581,0.0,0.0528,0.517540007
2018-01-21 20:00:00,2018-01-21 20:15:00,0.73794,0.0,0.04779,0.493468378
2018-01-21 20:15:00,2018-01-21 20:30:00,0.70924,0.0,0.04779,0.493468378
2018-01-21 20:30:00,2018-01-21 20:45:00,0.6774600000000001,0.0,0.04779,0.493468378
2018-01-21 20:45:00,2018-01-21 21:00:00,0.65506,0.0,0.04779,0.493468378
2018-01-21 21:00:00,2018-01-21 21:15:00,0.63966,0.0,0.035,0.359646445
2018-01-21 21:15:00,2018-01-21 21:30:00,0.62944,0.0,0.035,0.359646445
2018-01-21 21:30:00,2018-01-21 21:45:00,0.6175400000000001,0.0,0.035,0.359646445
2018-01-21 21:45:00,2018-01-21 22:00:00,0.60438,0.0,0.035,0.359646445
2018-01-21 22:00:00,2018-01-21 22:15:00,0.58884,0.0,0.033839999999999995,0.813266583
2018-01-21 22:15:00,2018-01-21 22:30:00,0.57176,0.0,0.033839999999999995,0.813266583
2018-01-21 22:30:00,2018-01-21 22:45:00,0.54768,0.0,0.033839999999999995,0.813266583
2018-01-21 22:45:00,2018-01-21 23:00:00,0.51898,0.0,0.033839999999999995,0.813266583
2018-01-21 23:00:00,2018-01-21 23:15:00,0.48594,0.0,0.0324,0.813266583
2018-01-21 23:15:00,2018-01-21 23:30:00,0.45332,0.0,0.0324,0.813266583
2018-01-21 23:30:00,2018-01-21 23:45:00,0.4193,0.0,0.0324,0.813266583
2018-01-21 23:45:00,2018-01-22 00:00:00,0.38654000000000005,0.0,0.0324,0.813266583
2018-01-22 00:00:00,2018-01-22 00:15:00,0.35448,0.0,0.02706,0.813266583
2018-01-22 00:15:00,2018-01-22 00:30:00,0.32689999999999997,0.0,0.02706,0.813266583
2018-01-22 00:30:00,2018-01-22 00:45:00,0.30435999999999996,0.0,0.02706,0.813266583
2018-01-22 00:45:00,2018-01-22 01:00:00,0.28672000000000003,0.0,0.02706,0.813266583
2018-01-22 01:00:00,2018-01-22 01:15:00,0.2723,0.0,0.02,0.813266583
2018-01-22 01:15:00,2018-01-22 01:30:00,0.259,0.0,0.02,0.813266583
2018-01-22 01:30:00,2018-01-22 01:45:00,0.24934,0.0,0.02,0.813266583
2018-01-22 01:45:00,2018-01-22 02:00:00,0.24178,0.0,0.02,0.813266583
2018-01-22 02:00:00,2018-01-22 02:15:00,0.23673999999999998,0.0,0.01622,0.813266583
2018-01-22 02:15:00,2018-01-22 02:30:00,0.23226,0.0,0.01622,0.813266583
2018-01-22 02:30:00,2018-01-22 02:45:00,0.22764,0.0,0.01622,0.813266583
2018-01-22 02:45:00,2018-01-22 03:00:00,0.22330000000000003,0.0,0.01622,0.813266583
2018-01-22 03:00:00,2018-01-22 03:15:00,0.21910000000000002,0.0,0.01316,0.813266583
2018-01-22 03:15:00,2018-01-22 03:30:00,0.21658,0.0,0.01316,0.813266583
2018-01-22 03:30:00,2018-01-22 03:45:00,0.21392,0.0,0.01316,0.813266583
2018-01-22 03:45:00,2018-01-22 04:00:00,0.21252000000000001,0.0,0.01316,0.813266583
2018-01-22 04:00:00,2018-01-22 04:15:00,0.21238,0.0,0.021269999999999997,0.813266583
2018-01-22 04:15:00,2018-01-22 04:30:00,0.21406,0.0,0.021269999999999997,0.813266583
2018-01-22 04:30:00,2018-01-22 04:45:00,0.21658,0.0,0.021269999999999997,0.813266583
2018-01-22 04:45:00,2018-01-22 05:00:00,0.21952,0.0,0.021269999999999997,0.813266583
2018-01-22 05:00:00,2018-01-22 05:15:00,0.22414,0.0,0.02748,0.813266583
2018-01-22 05:15:00,2018-01-22 05:30:00,0.22876,0.0,0.02748,0.813266583
2018-01-22 05:30:00,2018-01-22 05:45:00,0.23534,0.0,0.02748,0.813266583
2018-01-22 05:45:00,2018-01-22 06:00:00,0.24598,0.0,0.02748,0.813266583
2018-01-22 06:00:00,2018-01-22 06:15:00,0.26474,0.0,0.03308,0.813266583
2018-01-22 06:15:00,2018-01-22 06:30:00,0.29246,0.0,0.03308,0.813266583
2018-01-22 06:30:00,2018-01-22 06:45:00,0.32732,0.0,0.03308,0.813266583
2018-01-22 06:45:00,2018-01-22 07:00:00,0.36512,0.0,0.03308,0.813266583
2018-01-22 07:00:00,2018-01-22 07:15:00,0.40096,0.0,0.04295,0.416061574
2018-01-22 07:15:00,2018-01-22 07:30:00,0.42798,0.0,0.04295,0.416061574
2018-01-22 07:30:00,2018-01-22 07:45:00,0.44744,0.0,0.04295,0.416061574
2018-01-22 07:45:00,2018-01-22 08:00:00,0.45878,0.0,0.04295,0.416061574
2018-01-22 08:00:00,2018-01-22 08:15:00,0.46774,0.0,0.04506,0.47153645
2018-01-22 08:15:00,2018-01-22 08:30:00,0.47334000000000004,0.0,0.04506,0.47153645
2018-01-22 08:30:00,2018-01-22 08:45:00,0.47935999999999995,0.0,0.04506,0.47153645
2018-01-22 08:45:00,2018-01-22 09:00:00,0.48663999999999996,0.0,0.04506,0.47153645
2018-01-22 09:00:00,2018-01-22 09:15:00,0.4953199999999999,0.002508158508158508,0.04742,0.493468378
2018-01-22 09:15:00,2018-01-22 09:30:00,0.50358,0.009632634032634032,0.04742,0.493468378
2018-01-22 09:30:00,2018-01-22 09:45:00,0.50624,0.021738927738927737,0.04742,0.493468378
2018-01-22 09:45:00,2018-01-22 10:00:00,0.50372,0.024414918414918416,0.04742,0.493468378
2018-01-22 10:00:00,2018-01-22 10:15:00,0.49657999999999997,0.02985827505827506,0.04647,0.47153645
2018-01-22 10:15:00,2018-01-22 10:30:00,0.49028,0.07152913752913753,0.04647,0.47153645
2018-01-22 10:30:00,2018-01-22 10:45:00,0.48804000000000003,0.07648857808857809,0.04647,0.47153645
2018-01-22 10:45:00,2018-01-22 11:00:00,0.48999999999999994,0.1057053613053613,0.04647,0.47153645
2018-01-22 11:00:00,2018-01-22 11:15:00,0.49545999999999996,0.09523822843822842,0.048389999999999996,0.493468378
2018-01-22 11:15:00,2018-01-22 11:30:00,0.5031599999999999,0.13043636363636363,0.048389999999999996,0.493468378
2018-01-22 11:30:00,2018-01-22 11:45:00,0.5117,0.11060046620046621,0.048389999999999996,0.493468378
2018-01-22 11:45:00,2018-01-22 12:00:00,0.51674,0.14043916083916083,0.048389999999999996,0.493468378
2018-01-22 12:00:00,2018-01-22 12:15:00,0.5138,0.07837948717948717,0.047,0.47153645
2018-01-22 12:15:00,2018-01-22 12:30:00,0.50498,0.10906946386946385,0.047,0.47153645
2018-01-22 12:30:00,2018-01-22 12:45:00,0.4963,0.1913053613053613,0.047,0.47153645
2018-01-22 12:45:00,2018-01-22 13:00:00,0.49196,0.2660205128205128,0.047,0.47153645
2018-01-22 13:00:00,2018-01-22 13:15:00,0.49336,0.25114498834498833,0.047389999999999995,0.493468378
2018-01-22 13:15:00,2018-01-22 13:30:00,0.49672,0.17832634032634032,0.047389999999999995,0.493468378
2018-01-22 13:30:00,2018-01-22 13:45:00,0.49840000000000007,0.15996829836829835,0.047389999999999995,0.493468378
2018-01-22 13:45:00,2018-01-22 14:00:00,0.49378,0.13770442890442888,0.047389999999999995,0.493468378
2018-01-22 14:00:00,2018-01-22 14:15:00,0.48510000000000003,0.15506200466200462,0.04634,0.47153645
2018-01-22 14:15:00,2018-01-22 14:30:00,0.47837999999999997,0.19615850815850816,0.04634,0.47153645
2018-01-22 14:30:00,2018-01-22 14:45:00,0.4781,0.1529221445221445,0.04634,0.47153645
2018-01-22 14:45:00,2018-01-22 15:00:00,0.48285999999999996,0.11576130536130536,0.04634,0.47153645
2018-01-22 15:00:00,2018-01-22 15:15:00,0.48692,0.0812055944055944,0.04394,0.47153645
2018-01-22 15:15:00,2018-01-22 15:30:00,0.4893,0.0760289044289044,0.04394,0.47153645
2018-01-22 15:30:00,2018-01-22 15:45:00,0.49182,0.06033566433566433,0.04394,0.47153645
2018-01-22 15:45:00,2018-01-22 16:00:00,0.5010600000000001,0.05417156177156177,0.04394,0.47153645
2018-01-22 16:00:00,2018-01-22 16:15:00,0.51814,0.03184055944055944,0.04365,0.416061574
2018-01-22 16:15:00,2018-01-22 16:30:00,0.54278,0.017359440559440557,0.04365,0.416061574
2018-01-22 16:30:00,2018-01-22 16:45:00,0.57372,0.02398041958041958,0.04365,0.416061574
2018-01-22 16:45:00,2018-01-22 17:00:00,0.6109600000000001,0.00837109557109557,0.04365,0.416061574
2018-01-22 17:00:00,2018-01-22 17:15:00,0.65184,0.002066200466200466,0.0495,0.505217626
2018-01-22 17:15:00,2018-01-22 17:30:00,0.68908,0.0072997668997669,0.0495,0.505217626
2018-01-22 17:30:00,2018-01-22 17:45:00,0.71498,0.005092773892773892,0.0495,0.505217626
2018-01-22 17:45:00,2018-01-22 18:00:00,0.72618,0.0,0.0495,0.505217626
2018-01-22 18:00:00,2018-01-22 18:15:00,0.7250599999999999,0.0,0.051,0.517540007
2018-01-22 18:15:00,2018-01-22 18:30:00,0.72128,0.0,0.051,0.517540007
2018-01-22 18:30:00,2018-01-22 18:45:00,0.72114,0.0,0.051,0.517540007
2018-01-22 18:45:00,2018-01-22 19:00:00,0.72702,0.0,0.051,0.517540007
2018-01-22 19:00:00,2018-01-22 19:15:00,0.73178,0.0,0.04805,0.493468378
2018-01-22 19:15:00,2018-01-22 19:30:00,0.73206,0.0,0.04805,0.493468378
2018-01-22 19:30:00,2018-01-22 19:45:00,0.7259,0.0,0.04805,0.493468378
2018-01-22 19:45:00,2018-01-22 20:00:00,0.71582,0.0,0.04805,0.493468378
2018-01-22 20:00:00,2018-01-22 20:15:00,0.7019599999999999,0.0,0.04282,0.416061574
2018-01-22 20:15:00,2018-01-22 20:30:00,0.6859999999999999,0.0,0.04282,0.416061574
2018-01-22 20:30:00,2018-01-22 20:45:00,0.66808,0.0,0.04282,0.416061574
2018-01-22 20:45:00,2018-01-22 21:00:00,0.6507200000000001,0.0,0.04282,0.416061574
2018-01-22 21:00:00,2018-01-22 21:15:00,0.6329400000000001,0.0,0.03899,0.40036113700000003
2018-01-22 21:15:00,2018-01-22 21:30:00,0.6169800000000001,0.0,0.03899,0.40036113700000003
2018-01-22 21:30:00,2018-01-22 21:45:00,0.60102,0.0,0.03899,0.40036113700000003
2018-01-22 21:45:00,2018-01-22 22:00:00,0.58506,0.0,0.03899,0.40036113700000003
2018-01-22 22:00:00,2018-01-22 22:15:00,0.56504,0.0,0.037989999999999996,0.38580255
2018-01-22 22:15:00,2018-01-22 22:30:00,0.5451600000000001,0.0,0.037989999999999996,0.38580255
2018-01-22 22:30:00,2018-01-22 22:45:00,0.5285000000000001,0.0,0.037989999999999996,0.38580255
2018-01-22 22:45:00,2018-01-22 23:00:00,0.51842,0.0,0.037989999999999996,0.38580255
2018-01-22 23:00:00,2018-01-22 23:15:00,0.50736,0.0,0.03584,0.36148450200000004
2018-01-22 23:15:00,2018-01-22 23:30:00,0.48804000000000003,0.0,0.03584,0.36148450200000004
2018-01-22 23:30:00,2018-01-22 23:45:00,0.45752,0.0,0.03584,0.36148450200000004
2018-01-22 23:45:00,2018-01-23 00:00:00,0.42392,0.0,0.03584,0.36148450200000004
2018-01-23 00:00:00,2018-01-23 00:15:00,0.39283999999999997,0.0,0.0342,0.813266583
2018-01-23 00:15:00,2018-01-23 00:30:00,0.36708,0.0,0.0342,0.813266583
2018-01-23 00:30:00,2018-01-23 00:45:00,0.34271999999999997,0.0,0.0342,0.813266583
2018-01-23 00:45:00,2018-01-23 01:00:00,0.31976000000000004,0.0,0.0342,0.813266583
2018-01-23 01:00:00,2018-01-23 01:15:00,0.29736,0.0,0.03252,0.813266583
2018-01-23 01:15:00,2018-01-23 01:30:00,0.27902,0.0,0.03252,0.813266583
2018-01-23 01:30:00,2018-01-23 01:45:00,0.26432,0.0,0.03252,0.813266583
2018-01-23 01:45:00,2018-01-23 02:00:00,0.2555,0.0,0.03252,0.813266583
2018-01-23 02:00:00,2018-01-23 02:15:00,0.24836,0.0,0.03154,0.813266583
2018-01-23 02:15:00,2018-01-23 02:30:00,0.2422,0.0,0.03154,0.813266583
2018-01-23 02:30:00,2018-01-23 02:45:00,0.23632,0.0,0.03154,0.813266583
2018-01-23 02:45:00,2018-01-23 03:00:00,0.23281999999999997,0.0,0.03154,0.813266583
2018-01-23 03:00:00,2018-01-23 03:15:00,0.23015999999999998,0.0,0.03038,0.813266583
2018-01-23 03:15:00,2018-01-23 03:30:00,0.22721999999999998,0.0,0.03038,0.813266583
2018-01-23 03:30:00,2018-01-23 03:45:00,0.22330000000000003,0.0,0.03038,0.813266583
2018-01-23 03:45:00,2018-01-23 04:00:00,0.22106,0.0,0.03038,0.813266583
2018-01-23 04:00:00,2018-01-23 04:15:00,0.22078,0.0,0.030969999999999998,0.813266583
2018-01-23 04:15:00,2018-01-23 04:30:00,0.22273999999999997,0.0,0.030969999999999998,0.813266583
2018-01-23 04:30:00,2018-01-23 04:45:00,0.22483999999999998,0.0,0.030969999999999998,0.813266583
2018-01-23 04:45:00,2018-01-23 05:00:00,0.22792,0.0,0.030969999999999998,0.813266583
2018-01-23 05:00:00,2018-01-23 05:15:00,0.23184000000000002,0.0,0.03248,0.813266583
2018-01-23 05:15:00,2018-01-23 05:30:00,0.23814000000000002,0.0,0.03248,0.813266583
2018-01-23 05:30:00,2018-01-23 05:45:00,0.24696,0.0,0.03248,0.813266583
2018-01-23 05:45:00,2018-01-23 06:00:00,0.26152000000000003,0.0,0.03248,0.813266583
2018-01-23 06:00:00,2018-01-23 06:15:00,0.28196,0.0,0.04,0.40806039
2018-01-23 06:15:00,2018-01-23 06:30:00,0.30744,0.0,0.04,0.40806039
2018-01-23 06:30:00,2018-01-23 06:45:00,0.33656,0.0,0.04,0.40806039
2018-01-23 06:45:00,2018-01-23 07:00:00,0.3682,0.0,0.04,0.40806039
2018-01-23 07:00:00,2018-01-23 07:15:00,0.40096,0.0,0.04893,0.505217626
2018-01-23 07:15:00,2018-01-23 07:30:00,0.42826,0.0,0.04893,0.505217626
2018-01-23 07:30:00,2018-01-23 07:45:00,0.44673999999999997,0.0,0.04893,0.505217626
2018-01-23 07:45:00,2018-01-23 08:00:00,0.4564,0.0,0.04893,0.505217626
2018-01-23 08:00:00,2018-01-23 08:15:00,0.46074000000000004,0.0,0.052739999999999995,0.517540007
2018-01-23 08:15:00,2018-01-23 08:30:00,0.46242,0.0,0.052739999999999995,0.517540007
2018-01-23 08:30:00,2018-01-23 08:45:00,0.46242,0.0,0.052739999999999995,0.517540007
2018-01-23 08:45:00,2018-01-23 09:00:00,0.46312000000000003,0.0,0.052739999999999995,0.517540007
2018-01-23 09:00:00,2018-01-23 09:15:00,0.46382000000000007,0.0025501165501165502,0.050789999999999995,0.517540007
2018-01-23 09:15:00,2018-01-23 09:30:00,0.46396,0.010402797202797201,0.050789999999999995,0.517540007
2018-01-23 09:30:00,2018-01-23 09:45:00,0.46186,0.02178088578088578,0.050789999999999995,0.517540007
2018-01-23 09:45:00,2018-01-23 10:00:00,0.45878,0.033094638694638696,0.050789999999999995,0.517540007
2018-01-23 10:00:00,2018-01-23 10:15:00,0.45402,0.032995804195804196,0.0482,0.493468378
2018-01-23 10:15:00,2018-01-23 10:30:00,0.44855999999999996,0.04589930069930069,0.0482,0.493468378
2018-01-23 10:30:00,2018-01-23 10:45:00,0.44352,0.07011655011655012,0.0482,0.493468378
2018-01-23 10:45:00,2018-01-23 11:00:00,0.44198,0.07041771561771562,0.0482,0.493468378
2018-01-23 11:00:00,2018-01-23 11:15:00,0.44338,0.07248391608391609,0.044910000000000005,0.47153645
2018-01-23 11:15:00,2018-01-23 11:30:00,0.44828,0.0928055944055944,0.044910000000000005,0.47153645
2018-01-23 11:30:00,2018-01-23 11:45:00,0.45486000000000004,0.1318293706293706,0.044910000000000005,0.47153645
2018-01-23 11:45:00,2018-01-23 12:00:00,0.46326000000000006,0.14093892773892772,0.044910000000000005,0.47153645
2018-01-23 12:00:00,2018-01-23 12:15:00,0.46844,0.13072354312354312,0.04194,0.416061574
2018-01-23 12:15:00,2018-01-23 12:30:00,0.47053999999999996,0.15700139860139858,0.04194,0.416061574
2018-01-23 12:30:00,2018-01-23 12:45:00,0.46759999999999996,0.21310116550116548,0.04194,0.416061574
2018-01-23 12:45:00,2018-01-23 13:00:00,0.46494,0.27009696969696967,0.04194,0.416061574
2018-01-23 13:00:00,2018-01-23 13:15:00,0.46171999999999996,0.22065174825174824,0.04183,0.416061574
2018-01-23 13:15:00,2018-01-23 13:30:00,0.46144,0.15061631701631703,0.04183,0.416061574
2018-01-23 13:30:00,2018-01-23 13:45:00,0.46031999999999995,0.17617715617715615,0.04183,0.416061574
2018-01-23 13:45:00,2018-01-23 14:00:00,0.4599,0.1381268065268065,0.04183,0.416061574
2018-01-23 14:00:00,2018-01-23 14:15:00,0.45906,0.12361212121212119,0.039,0.40036113700000003
2018-01-23 14:15:00,2018-01-23 14:30:00,0.46130000000000004,0.06461165501165501,0.039,0.40036113700000003
2018-01-23 14:30:00,2018-01-23 14:45:00,0.46619999999999995,0.04629184149184149,0.039,0.40036113700000003
2018-01-23 14:45:00,2018-01-23 15:00:00,0.47096000000000005,0.03335384615384615,0.039,0.40036113700000003
2018-01-23 15:00:00,2018-01-23 15:15:00,0.47306,0.0311048951048951,0.0375,0.38580255
2018-01-23 15:15:00,2018-01-23 15:30:00,0.47208000000000006,0.02881398601398601,0.0375,0.38580255
2018-01-23 15:30:00,2018-01-23 15:45:00,0.47109999999999996,0.029682983682983683,0.0375,0.38580255
2018-01-23 15:45:00,2018-01-23 16:00:00,0.47319999999999995,0.02848578088578089,0.0375,0.38580255
2018-01-23 16:00:00,2018-01-23 16:15:00,0.48328000000000004,0.01775198135198135,0.03563,0.365847246
2018-01-23 16:15:00,2018-01-23 16:30:00,0.50344,0.019615850815850815,0.03563,0.365847246
2018-01-23 16:30:00,2018-01-23 16:45:00,0.53494,0.007117016317016316,0.03563,0.365847246
2018-01-23 16:45:00,2018-01-23 17:00:00,0.57372,0.0015132867132867133,0.03563,0.365847246
2018-01-23 17:00:00,2018-01-23 17:15:00,0.61418,0.0,0.04094,0.416061574
2018-01-23 17:15:00,2018-01-23 17:30:00,0.64932,0.0,0.04094,0.416061574
2018-01-23 17:30:00,2018-01-23 17:45:00,0.6755,0.0,0.04094,0.416061574
2018-01-23 17:45:00,2018-01-23 18:00:00,0.69272,0.0,0.04094,0.416061574
2018-01-23 18:00:00,2018-01-23 18:15:00,0.7028,0.0,0.04435,0.47153645
2018-01-23 18:15:00,2018-01-23 18:30:00,0.70714,0.0,0.04435,0.47153645
2018-01-23 18:30:00,2018-01-23 18:45:00,0.7077,0.0,0.04435,0.47153645
2018-01-23 18:45:00,2018-01-23 19:00:00,0.70672,0.0,0.04435,0.47153645
2018-01-23 19:00:00,2018-01-23 19:15:00,0.7065800000000001,0.0,0.0374,0.38580255
2018-01-23 19:15:00,2018-01-23 19:30:00,0.70854,0.0,0.0374,0.38580255
2018-01-23 19:30:00,2018-01-23 19:45:00,0.70882,0.0,0.0374,0.38580255
2018-01-23 19:45:00,2018-01-23 20:00:00,0.70504,0.0,0.0374,0.38580255
2018-01-23 20:00:00,2018-01-23 20:15:00,0.6924399999999999,0.0,0.03825,0.38580255
2018-01-23 20:15:00,2018-01-23 20:30:00,0.67564,0.0,0.03825,0.38580255
2018-01-23 20:30:00,2018-01-23 20:45:00,0.6566,0.0,0.03825,0.38580255
2018-01-23 20:45:00,2018-01-23 21:00:00,0.6393800000000001,0.0,0.03825,0.38580255
2018-01-23 21:00:00,2018-01-23 21:15:00,0.62384,0.0,0.034,0.813266583
2018-01-23 21:15:00,2018-01-23 21:30:00,0.6092799999999999,0.0,0.034,0.813266583
2018-01-23 21:30:00,2018-01-23 21:45:00,0.5954200000000001,0.0,0.034,0.813266583
2018-01-23 21:45:00,2018-01-23 22:00:00,0.581,0.0,0.034,0.813266583
2018-01-23 22:00:00,2018-01-23 22:15:00,0.56546,0.0,0.0339,0.813266583
2018-01-23 22:15:00,2018-01-23 22:30:00,0.54866,0.0,0.0339,0.813266583
2018-01-23 22:30:00,2018-01-23 22:45:00,0.53368,0.0,0.0339,0.813266583
2018-01-23 22:45:00,2018-01-23 23:00:00,0.5236000000000001,0.0,0.0339,0.813266583
2018-01-23 23:00:00,2018-01-23 23:15:00,0.51548,0.0,0.033010000000000005,0.813266583
2018-01-23 23:15:00,2018-01-23 23:30:00,0.49951999999999996,0.0,0.033010000000000005,0.813266583
2018-01-23 23:30:00,2018-01-23 23:45:00,0.47152000000000005,0.0,0.033010000000000005,0.813266583
2018-01-23 23:45:00,2018-01-24 00:00:00,0.4361,0.0,0.033010000000000005,0.813266583
